{
  "total_candidates": 14,
  "best_by_combined": {
    "candidate_id": 1,
    "rmse_mm": 0.8516672118953837,
    "green_pct": 62.634730538922156,
    "yellow_pct": 0.0,
    "orange_pct": 0.0,
    "purple_pct": 0.0,
    "magenta_pct": 0.0
  },
  "rankings": {
    "by_rmse": [
      2,
      4,
      12,
      9,
      1,
      3,
      13,
      14,
      5,
      7,
      6,
      10,
      11,
      8
    ],
    "by_green_pct": [
      1,
      2,
      3,
      4,
      5,
      6,
      7,
      8,
      9,
      10,
      11,
      12,
      13,
      14
    ],
    "by_allowed_fraction": [
      1,
      2,
      3,
      4,
      5,
      6,
      7,
      8,
      9,
      10,
      11,
      12,
      13,
      14
    ],
    "by_combined_score": [
      1,
      2,
      3,
      4,
      5,
      6,
      7,
      8,
      9,
      10,
      11,
      12,
      13,
      14
    ]
  },
  "all_candidates": [
    {
      "rank": 1,
      "candidate_id": 1,
      "rmse_mm": 0.8516672118953837,
      "green_pct": 62.634730538922156,
      "yellow_pct": 0.0,
      "orange_pct": 0.0,
      "purple_pct": 0.0,
      "magenta_pct": 0.0,
      "other_pct": 37.365269461077844,
      "allowed_fraction": 0.6263473053892216,
      "clearance_mm": 0.8516672118953837,
      "combined_score": -43.55154033077463
    },
    {
      "rank": 2,
      "candidate_id": 2,
      "rmse_mm": 0.6941858410565979,
      "green_pct": 58.39160839160839,
      "yellow_pct": 0.0,
      "orange_pct": 0.0,
      "purple_pct": 0.0,
      "magenta_pct": 0.0,
      "other_pct": 41.60839160839161,
      "allowed_fraction": 0.583916083916084,
      "clearance_mm": 0.6941858410565979,
      "combined_score": -40.63507399666554
    },
    {
      "rank": 3,
      "candidate_id": 3,
      "rmse_mm": 0.8598900715052039,
      "green_pct": 56.90423162583519,
      "yellow_pct": 0.0,
      "orange_pct": 0.0,
      "purple_pct": 0.0,
      "magenta_pct": 0.0,
      "other_pct": 43.09576837416481,
      "allowed_fraction": 0.5690423162583519,
      "clearance_mm": 0.8598900715052039,
      "combined_score": -39.54308183069258
    },
    {
      "rank": 4,
      "candidate_id": 4,
      "rmse_mm": 0.7266760295350959,
      "green_pct": 54.513481828839396,
      "yellow_pct": 0.0,
      "orange_pct": 0.0,
      "purple_pct": 0.0,
      "magenta_pct": 0.0,
      "other_pct": 45.48651817116061,
      "allowed_fraction": 0.5451348182883939,
      "clearance_mm": 0.7266760295350959,
      "combined_score": -37.91142203343419
    },
    {
      "rank": 5,
      "candidate_id": 5,
      "rmse_mm": 0.9685189953826764,
      "green_pct": 51.93798449612403,
      "yellow_pct": 0.0,
      "orange_pct": 0.0,
      "purple_pct": 0.0,
      "magenta_pct": 0.0,
      "other_pct": 48.06201550387597,
      "allowed_fraction": 0.5193798449612403,
      "clearance_mm": 0.9685189953826764,
      "combined_score": -36.0239720062062
    },
    {
      "rank": 6,
      "candidate_id": 6,
      "rmse_mm": 1.0645407222855636,
      "green_pct": 48.31223628691983,
      "yellow_pct": 0.0,
      "orange_pct": 0.0,
      "purple_pct": 0.0,
      "magenta_pct": 0.0,
      "other_pct": 51.68776371308017,
      "allowed_fraction": 0.4831223628691983,
      "clearance_mm": 1.0645407222855636,
      "combined_score": -33.458411829035036
    },
    {
      "rank": 7,
      "candidate_id": 7,
      "rmse_mm": 0.9748679212196147,
      "green_pct": 45.95842956120092,
      "yellow_pct": 0.0,
      "orange_pct": 0.0,
      "purple_pct": 0.0,
      "magenta_pct": 0.0,
      "other_pct": 54.04157043879908,
      "allowed_fraction": 0.45958429561200925,
      "clearance_mm": 0.9748679212196147,
      "combined_score": -31.83507152814226
    },
    {
      "rank": 8,
      "candidate_id": 8,
      "rmse_mm": 1.3782078274017804,
      "green_pct": 45.883777239709445,
      "yellow_pct": 0.0,
      "orange_pct": 0.0,
      "purple_pct": 0.0,
      "magenta_pct": 0.0,
      "other_pct": 54.116222760290555,
      "allowed_fraction": 0.45883777239709445,
      "clearance_mm": 1.3782078274017804,
      "combined_score": -31.650999984195117
    },
    {
      "rank": 9,
      "candidate_id": 9,
      "rmse_mm": 0.8490216256052822,
      "green_pct": 42.058562555456966,
      "yellow_pct": 0.0,
      "orange_pct": 0.0,
      "purple_pct": 0.0,
      "magenta_pct": 0.0,
      "other_pct": 57.941437444543034,
      "allowed_fraction": 0.42058562555456963,
      "clearance_mm": 0.8490216256052822,
      "combined_score": -29.15266835630059
    },
    {
      "rank": 10,
      "candidate_id": 10,
      "rmse_mm": 1.1151615233096055,
      "green_pct": 41.84782608695652,
      "yellow_pct": 0.0,
      "orange_pct": 0.0,
      "purple_pct": 0.0,
      "magenta_pct": 0.0,
      "other_pct": 58.152173913043484,
      "allowed_fraction": 0.41847826086956524,
      "clearance_mm": 1.1151615233096055,
      "combined_score": -28.908661983042816
    },
    {
      "rank": 11,
      "candidate_id": 11,
      "rmse_mm": 1.3646477329928568,
      "green_pct": 41.35667396061269,
      "yellow_pct": 0.0,
      "orange_pct": 0.0,
      "purple_pct": 0.0,
      "magenta_pct": 0.0,
      "other_pct": 58.64332603938731,
      "allowed_fraction": 0.4135667396061269,
      "clearance_mm": 1.3646477329928568,
      "combined_score": -28.47826422034205
    },
    {
      "rank": 12,
      "candidate_id": 12,
      "rmse_mm": 0.8066081896351526,
      "green_pct": 39.49579831932773,
      "yellow_pct": 0.0,
      "orange_pct": 0.0,
      "purple_pct": 0.0,
      "magenta_pct": 0.0,
      "other_pct": 60.50420168067227,
      "allowed_fraction": 0.3949579831932773,
      "clearance_mm": 0.8066081896351526,
      "combined_score": -27.370332031011927
    },
    {
      "rank": 13,
      "candidate_id": 13,
      "rmse_mm": 0.9221719444305274,
      "green_pct": 37.48597081930416,
      "yellow_pct": 0.0,
      "orange_pct": 0.0,
      "purple_pct": 0.0,
      "magenta_pct": 0.0,
      "other_pct": 62.51402918069585,
      "allowed_fraction": 0.37485970819304154,
      "clearance_mm": 0.9221719444305274,
      "combined_score": -25.9268795996471
    },
    {
      "rank": 14,
      "candidate_id": 14,
      "rmse_mm": 0.9590500051339422,
      "green_pct": 30.804077010192525,
      "yellow_pct": 0.0,
      "orange_pct": 0.0,
      "purple_pct": 0.0,
      "magenta_pct": 0.0,
      "other_pct": 69.19592298980749,
      "allowed_fraction": 0.30804077010192527,
      "clearance_mm": 0.9590500051339422,
      "combined_score": -21.237220731875304
    }
  ]
}