{
  "total_candidates": 37,
  "best_by_combined": {
    "candidate_id": 1,
    "rmse_mm": 1.2952731239694806,
    "green_pct": 94.40389294403893,
    "yellow_pct": 0.0,
    "orange_pct": 0.0,
    "purple_pct": 0.0,
    "magenta_pct": 0.0
  },
  "rankings": {
    "by_rmse": [
      3,
      4,
      17,
      5,
      21,
      28,
      20,
      23,
      15,
      10,
      19,
      8,
      31,
      29,
      18,
      2,
      24,
      25,
      12,
      9,
      26,
      32,
      1,
      6,
      27,
      34,
      30,
      16,
      36,
      7,
      22,
      13,
      11,
      14,
      35,
      37,
      33
    ],
    "by_green_pct": [
      1,
      2,
      3,
      4,
      5,
      6,
      7,
      8,
      9,
      10,
      11,
      12,
      13,
      14,
      15,
      16,
      17,
      18,
      19,
      20,
      21,
      22,
      24,
      23,
      25,
      26,
      27,
      28,
      29,
      35,
      30,
      31,
      32,
      33,
      34,
      36,
      37
    ],
    "by_allowed_fraction": [
      1,
      2,
      3,
      4,
      5,
      6,
      7,
      8,
      9,
      10,
      11,
      12,
      13,
      14,
      15,
      16,
      17,
      18,
      19,
      20,
      21,
      22,
      24,
      23,
      25,
      26,
      27,
      28,
      29,
      35,
      30,
      31,
      32,
      33,
      34,
      36,
      37
    ],
    "by_combined_score": [
      1,
      2,
      3,
      4,
      5,
      6,
      7,
      8,
      9,
      10,
      11,
      12,
      13,
      14,
      15,
      16,
      17,
      18,
      19,
      20,
      21,
      22,
      23,
      24,
      25,
      26,
      27,
      28,
      29,
      30,
      31,
      32,
      33,
      34,
      35,
      36,
      37
    ]
  },
  "all_candidates": [
    {
      "rank": 1,
      "candidate_id": 1,
      "rmse_mm": 1.2952731239694806,
      "green_pct": 94.40389294403893,
      "yellow_pct": 0.0,
      "orange_pct": 0.0,
      "purple_pct": 0.0,
      "magenta_pct": 0.0,
      "other_pct": 5.59610705596107,
      "allowed_fraction": 0.9440389294403893,
      "clearance_mm": 1.2952731239694806,
      "combined_score": -65.63901443550014
    },
    {
      "rank": 2,
      "candidate_id": 2,
      "rmse_mm": 1.1337896748421845,
      "green_pct": 91.183879093199,
      "yellow_pct": 0.0,
      "orange_pct": 0.0,
      "purple_pct": 0.0,
      "magenta_pct": 0.0,
      "other_pct": 8.816120906801007,
      "allowed_fraction": 0.9118387909319899,
      "clearance_mm": 1.1337896748421845,
      "combined_score": -63.442053603353365
    },
    {
      "rank": 3,
      "candidate_id": 3,
      "rmse_mm": 0.8224800877989404,
      "green_pct": 90.31578947368422,
      "yellow_pct": 0.0,
      "orange_pct": 0.0,
      "purple_pct": 0.0,
      "magenta_pct": 0.0,
      "other_pct": 9.68421052631579,
      "allowed_fraction": 0.9031578947368422,
      "clearance_mm": 0.8224800877989404,
      "combined_score": -62.931021065656466
    },
    {
      "rank": 4,
      "candidate_id": 4,
      "rmse_mm": 0.8599311641997244,
      "green_pct": 89.77635782747603,
      "yellow_pct": 0.0,
      "orange_pct": 0.0,
      "purple_pct": 0.0,
      "magenta_pct": 0.0,
      "other_pct": 10.223642172523961,
      "allowed_fraction": 0.8977635782747604,
      "clearance_mm": 0.8599311641997244,
      "combined_score": -62.54067209055802
    },
    {
      "rank": 5,
      "candidate_id": 5,
      "rmse_mm": 0.88468200233907,
      "green_pct": 88.55670103092783,
      "yellow_pct": 0.0,
      "orange_pct": 0.0,
      "purple_pct": 0.0,
      "magenta_pct": 0.0,
      "other_pct": 11.443298969072165,
      "allowed_fraction": 0.8855670103092783,
      "clearance_mm": 0.88468200233907,
      "combined_score": -61.67959536069364
    },
    {
      "rank": 6,
      "candidate_id": 6,
      "rmse_mm": 1.3065310572335405,
      "green_pct": 86.36363636363636,
      "yellow_pct": 0.0,
      "orange_pct": 0.0,
      "purple_pct": 0.0,
      "magenta_pct": 0.0,
      "other_pct": 13.636363636363635,
      "allowed_fraction": 0.8636363636363636,
      "clearance_mm": 1.3065310572335405,
      "combined_score": -59.99988443925653
    },
    {
      "rank": 7,
      "candidate_id": 7,
      "rmse_mm": 1.427999229570869,
      "green_pct": 86.3013698630137,
      "yellow_pct": 0.0,
      "orange_pct": 0.0,
      "purple_pct": 0.0,
      "magenta_pct": 0.0,
      "other_pct": 13.698630136986301,
      "allowed_fraction": 0.863013698630137,
      "clearance_mm": 1.427999229570869,
      "combined_score": -59.915275164998164
    },
    {
      "rank": 8,
      "candidate_id": 8,
      "rmse_mm": 1.0082777217998165,
      "green_pct": 85.30751708428245,
      "yellow_pct": 0.0,
      "orange_pct": 0.0,
      "purple_pct": 0.0,
      "magenta_pct": 0.0,
      "other_pct": 14.69248291571754,
      "allowed_fraction": 0.8530751708428246,
      "clearance_mm": 1.0082777217998165,
      "combined_score": -59.36247972659541
    },
    {
      "rank": 9,
      "candidate_id": 9,
      "rmse_mm": 1.2250941349013353,
      "green_pct": 84.60057747834456,
      "yellow_pct": 0.0,
      "orange_pct": 0.0,
      "purple_pct": 0.0,
      "magenta_pct": 0.0,
      "other_pct": 15.399422521655437,
      "allowed_fraction": 0.8460057747834456,
      "clearance_mm": 1.2250941349013353,
      "combined_score": -58.791217894125126
    },
    {
      "rank": 10,
      "candidate_id": 10,
      "rmse_mm": 0.990144352379724,
      "green_pct": 82.88718929254301,
      "yellow_pct": 0.0,
      "orange_pct": 0.0,
      "purple_pct": 0.0,
      "magenta_pct": 0.0,
      "other_pct": 17.11281070745698,
      "allowed_fraction": 0.8288718929254302,
      "clearance_mm": 0.990144352379724,
      "combined_score": -57.67266516414612
    },
    {
      "rank": 11,
      "candidate_id": 11,
      "rmse_mm": 1.6128942578169156,
      "green_pct": 81.60919540229885,
      "yellow_pct": 0.0,
      "orange_pct": 0.0,
      "purple_pct": 0.0,
      "magenta_pct": 0.0,
      "other_pct": 18.39080459770115,
      "allowed_fraction": 0.8160919540229885,
      "clearance_mm": 1.6128942578169156,
      "combined_score": -56.5650974717677
    },
    {
      "rank": 12,
      "candidate_id": 12,
      "rmse_mm": 1.1929424612298687,
      "green_pct": 80.96212896622313,
      "yellow_pct": 0.0,
      "orange_pct": 0.0,
      "purple_pct": 0.0,
      "magenta_pct": 0.0,
      "other_pct": 19.037871033776867,
      "allowed_fraction": 0.8096212896622313,
      "clearance_mm": 1.1929424612298687,
      "combined_score": -56.25422678554872
    },
    {
      "rank": 13,
      "candidate_id": 13,
      "rmse_mm": 1.604847315352656,
      "green_pct": 80.67754077791719,
      "yellow_pct": 0.0,
      "orange_pct": 0.0,
      "purple_pct": 0.0,
      "magenta_pct": 0.0,
      "other_pct": 19.32245922208281,
      "allowed_fraction": 0.8067754077791719,
      "clearance_mm": 1.604847315352656,
      "combined_score": -55.91589861379832
    },
    {
      "rank": 14,
      "candidate_id": 14,
      "rmse_mm": 1.6567187784902497,
      "green_pct": 80.32786885245902,
      "yellow_pct": 0.0,
      "orange_pct": 0.0,
      "purple_pct": 0.0,
      "magenta_pct": 0.0,
      "other_pct": 19.672131147540984,
      "allowed_fraction": 0.8032786885245902,
      "clearance_mm": 1.6567187784902497,
      "combined_score": -55.6565304394158
    },
    {
      "rank": 15,
      "candidate_id": 15,
      "rmse_mm": 0.9873358363209058,
      "green_pct": 79.82162764771459,
      "yellow_pct": 0.0,
      "orange_pct": 0.0,
      "purple_pct": 0.0,
      "magenta_pct": 0.0,
      "other_pct": 20.178372352285397,
      "allowed_fraction": 0.798216276477146,
      "clearance_mm": 0.9873358363209058,
      "combined_score": -55.52670821543453
    },
    {
      "rank": 16,
      "candidate_id": 16,
      "rmse_mm": 1.371006162934186,
      "green_pct": 78.20267686424475,