{
  "total_candidates": 22,
  "best_by_combined": {
    "candidate_id": 1,
    "rmse_mm": 0.5118543056182374,
    "green_pct": 97.8319783197832,
    "yellow_pct": 0.0,
    "orange_pct": 0.0,
    "purple_pct": 0.0,
    "magenta_pct": 0.0
  },
  "rankings": {
    "by_rmse": [
      2,
      1,
      4,
      6,
      3,
      5,
      8,
      11,
      13,
      12,
      10,
      9,
      14,
      7,
      16,
      17,
      18,
      20,
      15,
      19,
      22,
      21
    ],
    "by_green_pct": [
      1,
      2,
      3,
      4,
      5,
      6,
      7,
      8,
      9,
      10,
      11,
      12,
      13,
      14,
      15,
      16,
      17,
      18,
      19,
      20,
      21,
      22
    ],
    "by_allowed_fraction": [
      1,
      2,
      3,
      4,
      5,
      6,
      7,
      8,
      9,
      10,
      11,
      12,
      13,
      14,
      15,
      16,
      17,
      18,
      19,
      20,
      21,
      22
    ],
    "by_combined_score": [
      1,
      2,
      3,
      4,
      5,
      6,
      7,
      8,
      9,
      10,
      11,
      12,
      13,
      14,
      15,
      16,
      17,
      18,
      19,
      20,
      21,
      22
    ]
  },
  "all_candidates": [
    {
      "rank": 1,
      "candidate_id": 1,
      "rmse_mm": 0.5118543056182374,
      "green_pct": 97.8319783197832,
      "yellow_pct": 0.0,
      "orange_pct": 0.0,
      "purple_pct": 0.0,
      "magenta_pct": 0.0,
      "other_pct": 2.168021680216802,
      "allowed_fraction": 0.978319783197832,
      "clearance_mm": 0.5118543056182374,
      "combined_score": -68.30925713929035
    },
    {
      "rank": 2,
      "candidate_id": 2,
      "rmse_mm": 0.5112498555098111,
      "green_pct": 94.55882352941177,
      "yellow_pct": 0.0,
      "orange_pct": 0.0,
      "purple_pct": 0.0,
      "magenta_pct": 0.0,
      "other_pct": 5.4411764705882355,
      "allowed_fraction": 0.9455882352941176,
      "clearance_mm": 0.5112498555098111,
      "combined_score": -66.01675413316966
    },
    {
      "rank": 3,
      "candidate_id": 3,
      "rmse_mm": 0.5351558833875298,
      "green_pct": 93.5064935064935,
      "yellow_pct": 0.0,
      "orange_pct": 0.0,
      "purple_pct": 0.0,
      "magenta_pct": 0.0,
      "other_pct": 6.493506493506493,
      "allowed_fraction": 0.935064935064935,
      "clearance_mm": 0.5351558833875298,
      "combined_score": -65.27228791750743
    },
    {
      "rank": 4,
      "candidate_id": 4,
      "rmse_mm": 0.5326232833056143,
      "green_pct": 93.40974212034384,
      "yellow_pct": 0.0,
      "orange_pct": 0.0,
      "purple_pct": 0.0,
      "magenta_pct": 0.0,
      "other_pct": 6.59025787965616,
      "allowed_fraction": 0.9340974212034384,
      "clearance_mm": 0.5326232833056143,
      "combined_score": -65.20531206406902
    },
    {
      "rank": 5,
      "candidate_id": 5,
      "rmse_mm": 0.6037897384206111,
      "green_pct": 91.17221418234442,
      "yellow_pct": 0.0,
      "orange_pct": 0.0,
      "purple_pct": 0.0,
      "magenta_pct": 0.0,
      "other_pct": 8.827785817655572,
      "allowed_fraction": 0.9117221418234442,
      "clearance_mm": 0.6037897384206111,
      "combined_score": -63.61538580088947
    },
    {
      "rank": 6,
      "candidate_id": 6,
      "rmse_mm": 0.5327546441174903,
      "green_pct": 89.82808022922636,
      "yellow_pct": 0.0,
      "orange_pct": 0.0,
      "purple_pct": 0.0,
      "magenta_pct": 0.0,
      "other_pct": 10.17191977077364,
      "allowed_fraction": 0.8982808022922636,
      "clearance_mm": 0.5327546441174903,
      "combined_score": -62.6972892057829
    },
    {
      "rank": 7,
      "candidate_id": 7,
      "rmse_mm": 0.6901558963874946,
      "green_pct": 86.53576437587658,
      "yellow_pct": 0.0,
      "orange_pct": 0.0,
      "purple_pct": 0.0,
      "magenta_pct": 0.0,
      "other_pct": 13.464235624123422,
      "allowed_fraction": 0.8653576437587658,
      "clearance_mm": 0.6901558963874946,
      "combined_score": -60.34064052432565
    },
    {
      "rank": 8,
      "candidate_id": 8,
      "rmse_mm": 0.6060584035817963,
      "green_pct": 86.32010943912448,
      "yellow_pct": 0.0,
      "orange_pct": 0.0,
      "purple_pct": 0.0,
      "magenta_pct": 0.0,
      "other_pct": 13.679890560875513,
      "allowed_fraction": 0.8632010943912448,
      "clearance_mm": 0.6060584035817963,
      "combined_score": -60.217376211150736
    },
    {
      "rank": 9,
      "candidate_id": 9,
      "rmse_mm": 0.6866658437216097,
      "green_pct": 86.1731843575419,
      "yellow_pct": 0.0,
      "orange_pct": 0.0,
      "purple_pct": 0.0,
      "magenta_pct": 0.0,
      "other_pct": 13.8268156424581,
      "allowed_fraction": 0.861731843575419,
      "clearance_mm": 0.6866658437216097,
      "combined_score": -60.08749052208313
    },
    {
      "rank": 10,
      "candidate_id": 10,
      "rmse_mm": 0.6742234200510664,
      "green_pct": 85.578231292517,
      "yellow_pct": 0.0,
      "orange_pct": 0.0,
      "purple_pct": 0.0,
      "magenta_pct": 0.0,
      "other_pct": 14.421768707482993,
      "allowed_fraction": 0.85578231292517,
      "clearance_mm": 0.6742234200510664,
      "combined_score": -59.67729437418335
    },
    {
      "rank": 11,
      "candidate_id": 11,
      "rmse_mm": 0.6073886811285583,
      "green_pct": 85.46195652173914,
      "yellow_pct": 0.0,
      "orange_pct": 0.0,
      "purple_pct": 0.0,
      "magenta_pct": 0.0,
      "other_pct": 14.538043478260871,
      "allowed_fraction": 0.8546195652173914,
      "clearance_mm": 0.6073886811285583,
      "combined_score": -59.61635005627186
    },
    {
      "rank": 12,
      "candidate_id": 12,
      "rmse_mm": 0.6269844895594602,
      "green_pct": 84.58445040214477,
      "yellow_pct": 0.0,
      "orange_pct": 0.0,
      "purple_pct": 0.0,
      "magenta_pct": 0.0,
      "other_pct": 15.415549597855227,
      "allowed_fraction": 0.8458445040214477,
      "clearance_mm": 0.6269844895594602,
      "combined_score": -58.99626470173319
    },
    {
      "rank": 13,
      "candidate_id": 13,
      "rmse_mm": 0.6190025340564099,
      "green_pct": 83.63892806770099,
      "yellow_pct": 0.0,
      "orange_pct": 0.0,
      "purple_pct": 0.0,
      "magenta_pct": 0.0,
      "other_pct": 16.361071932299012,
      "allowed_fraction": 0.8363892806770099,
      "clearance_mm": 0.6190025340564099,
      "combined_score": -58.335622295267044
    },
    {
      "rank": 14,
      "candidate_id": 14,
      "rmse_mm": 0.6884322923808571,
      "green_pct": 83.008356545961,
      "yellow_pct": 0.0,
      "orange_pct": 0.0,
      "purple_pct": 0.0,
      "magenta_pct": 0.0,
      "other_pct": 16.991643454038996,
      "allowed_fraction": 0.83008356545961,
      "clearance_mm": 0.6884322923808571,
      "combined_score": -57.87339956808468
    },
    {
      "rank": 15,
      "candidate_id": 15,
      "rmse_mm": 0.7859634378049717,
      "green_pct": 81.84281842818429,
      "yellow_pct": 0.0,
      "orange_pct": 0.0,
      "purple_pct": 0.0,
      "magenta_pct": 0.0,
      "other_pct": 18.157181571815716,
      "allowed_fraction": 0.8184281842818428,
      "clearance_mm": 0.7859634378049717,
      "combined_score": -57.02437577437014
    },
    {
      "rank": 16,
      "candidate_id": 16,
      "rmse_mm": 0.7041845014082789,
      "green_pct": 80.76923076923077,
      "yellow_pct": 0.0,
      "orange_pct": 0.0,
      "purple_pct": 0.0,
      "magenta_pct": 0.0,
      "other_pct": 19.230769230769234,
      "allowed_fraction": 0.8076923076923077,
      "clearance_mm": 0.7041845014082789,
      "combined_score": -56.30140053468464
    },
    {
      "rank": 17,
      "candidate_id": 17,
      "rmse_mm": 0.7383318836381842,
      "green_pct": 80.24032042723631,
      "yellow_pct": 0.0,
      "orange_pct": 0.0,
      "purple_pct": 0.0,
      "magenta_pct": 0.0,
      "other_pct": 19.759679572763687,
      "allowed_fraction": 0.8024032042723631,